{
    "data": {
        "kline": [
            [
                1501545600,
                4745.42,
                4261.48,
                3400,
                4724.89,
                10015.640272,
                42538297.6648272
            ]
        ]
    },
    "code": 200,
    "msg": "success"
}